driver,race_elo_rating,race_elo_rank,race_elo_n,quali_elo_rating,quali_elo_rank,quali_elo_n,race_ridge_ms,race_ridge_rank,race_ridge_n,quali_ridge_ms,quali_ridge_rank,quali_ridge_n
adrian-sutil,1488.9,27,10,1507.5,29,18,-1437.6,23,1,69.4,49,18
alexander-albon,1620.2,5,90,1549.2,17,124,-5315.5,8,52,-331.0,2,127
alexander-rossi,1518.0,22,4,1528.0,22,4,,,,72.6,50,5
andre-lotterer,,,,1509.8,28,1,,,,-6.8,26,1
antonio-giovinazzi,1427.2,54,51,1460.1,42,59,8055.8,50,12,16.8,33,60
arvid-lindblad,1450.8,45,6,1434.8,49,8,6328.8,44,2,18.5,34,8
brendon-hartley,1466.6,38,14,1446.7,46,22,-2021.8,20,1,116.7,56,22
carlos-sainz-jr,1551.3,13,161,1696.3,3,234,-8065.0,6,105,-84.6,15,236
charles-leclerc,1641.5,4,142,1668.6,5,180,-9107.7,4,112,-292.5,3,180
daniel-ricciardo,1452.1,44,151,1456.6,43,203,-12933.1,3,95,-210.8,6,206
daniil-kvyat,1446.4,49,77,1398.3,53,110,-194.1,25,27,28.0,38,110
esteban-gutierrez,1518.4,21,23,1537.7,20,39,2627.6,33,3,-56.0,18,39
esteban-ocon,1476.2,31,143,1485.7,32,183,-3919.2,13,78,-1.1,27,183
felipe-massa,1523.9,19,59,1548.8,18,77,10124.1,55,33,114.7,55,78
felipe-nasr,1448.9,48,27,1433.4,50,37,-1819.2,21,4,-172.8,7,38
fernando-alonso,1646.2,2,145,1686.8,4,211,-8795.3,5,75,-88.4,14,211
franco-colapinto,1459.0,43,26,1496.5,31,35,7531.6,46,9,64.0,48,35
gabriel-bortoleto,1516.3,23,19,1530.4,21,31,-2895.2,18,9,55.1,45,31
george-russell,1646.2,3,130,1740.3,2,158,-3408.2,15,84,-288.8,4,158
guanyu-zhou,1433.2,52,50,1373.0,57,66,8583.6,51,16,92.4,53,66
isack-hadjar,1503.9,25,23,1552.7,16,29,448.1,29,12,-51.1,20,30
jack-aitken,,,,1485.3,33,1,,,,4.6,28,1
jack-doohan,1469.2,36,3,1473.8,39,7,7640.3,48,2,22.3,37,7
jean-eric-vergne,1512.1,24,11,1443.9,48,19,-1520.8,22,4,13.6,32,19
jenson-button,1583.5,9,38,1479.0,38,55,-5200.3,9,16,-23.0,24,55
jolyon-palmer,1470.1,35,20,1382.8,56,33,4469.8,42,2,102.6,54,34
jules-bianchi,1538.6,14,11,1581.0,10,15,,,,-62.8,17,15
kamui-kobayashi,1526.5,17,7,1555.9,14,14,,,,40.1,41,15
kevin-magnussen,1398.9,56,132,1515.4,26,178,3492.1,37,44,36.3,40,180
kimi-antonelli,1524.3,18,27,1544.6,19,32,4198.1,41,24,44.8,42,32
kimi-raikkonen,1475.6,32,124,1366.9,58,154,7639.2,47,78,9.3,29,155
lance-stroll,1387.8,57,146,1291.1,62,194,4004.5,39,63,372.3,62,195
lando-norris,1585.7,8,133,1653.9,6,159,-14974.0,2,100,-52.0,19,159
lewis-hamilton,1586.2,7,225,1556.6,13,255,-3017.8,17,211,50.7,43,256
liam-lawson,1518.9,20,33,1446.9,45,42,9759.4,54,17,86.8,52,42
logan-sargeant,1345.1,59,25,1335.9,61,30,7912.6,49,11,418.4,63,31
marcus-ericsson,1449.7,47,58,1422.3,51,92,-3286.2,16,7,283.8,60,94
max-chilton,1461.4,42,11,1419.0,52,15,,,,62.8,47,15
max-verstappen,1901.8,1,176,1907.2,1,230,-25926.0,1,143,-550.6,1,233
mick-schumacher,1574.3,12,30,1555.5,15,42,5373.8,43,7,-73.0,16,42
nicholas-latifi,1319.3,60,42,1279.3,63,59,2814.4,36,10,368.9,61,60
nico-hulkenberg,1533.2,16,143,1582.5,9,200,-4088.3,12,62,-99.4,11,202
nico-rosberg,1465.8,40,50,1466.6,40,57,-2340.2,19,48,-124.3,9,57
nikita-mazepin,1440.1,50,14,1359.2,59,20,2661.5,34,2,142.2,58,20
nyck-de-vries,1450.6,46,10,1452.0,44,10,9453.0,53,3,132.9,57,11
oliver-bearman,1580.1,10,28,1597.1,8,33,-8006.6,7,17,-25.0,23,33
oscar-piastri,1536.6,15,68,1576.5,11,78,-4961.3,11,60,22.3,36,78
pascal-wehrlein,1579.5,11,25,1566.7,12,36,956.5,30,2,-21.2,25,37
pastor-maldonado,1471.8,33,17,1384.7,54,33,3713.3,38,5,18.7,35,34
paul-di-resta,,,,1484.9,34,1,,,,11.3,31,1
pierre-gasly,1605.8,6,133,1626.5,7,177,-1397.3,24,54,-235.3,5,178
pietro-fittipaldi,1476.5,30,2,1479.8,37,2,1995.0,32,1,10.8,30,2
rio-haryanto,1423.7,55,8,1482.3,36,10,,,,53.9,44,11
robert-kubica,1375.1,58,20,1347.1,60,21,1156.7,31,2,81.4,51,21
roberto-merhi,1502.0,26,10,1444.3,47,12,0.0,28,1,30.6,39,12
romain-grosjean,1464.4,41,77,1511.2,27,127,-3456.9,14,20,-92.1,13,128
sebastian-vettel,1434.5,51,137,1464.2,41,174,-19.3,26,104,-149.9,8,176
sergey-sirotkin,1480.6,28,17,1484.0,35,20,4153.4,40,2,56.1,46,20
sergio-perez,1430.4,53,182,1502.4,30,233,-5142.6,10,116,251.1,59,232
stoffel-vandoorne,1470.7,34,20,1383.4,55,42,2785.2,35,5,-36.3,21,42
valtteri-bottas,1468.6,37,190,1525.8,23,231,8641.0,52,131,-117.3,10,233
will-stevens,1480.0,29,14,1517.3,25,17,-0.0,27,1,-96.3,12,18
yuki-tsunoda,1466.0,39,88,1524.1,24,109,6730.4,45,37,-34.4,22,110
